{
    "N": 1000,
    "observations": [2.20041627e+00,  1.95769524e+00, -8.52087759e-01, -3.49801576e+00,
    -2.75466819e+00, -7.84143831e+00, -7.00086086e+00, -1.00700985e+01,
    -1.12625951e+01, -1.14712207e+01, -7.63410793e+00, -6.82938344e+00,
    -8.94909208e+00, -1.05940554e+01, -1.01677096e+01, -1.07991865e+01,
    -1.21380587e+01, -1.26044233e+01, -9.45156068e+00, -1.01137595e+01,
    -1.20918822e+01, -8.58104339e+00, -9.46199003e+00, -6.16620129e+00,
    -4.99686144e+00, -7.00417901e+00, -6.63052420e+00, -4.64233530e+00,
    -3.70324733e+00, -3.32442030e+00, -4.88425406e-02, -5.51073794e-01,
    -2.90981188e-02,  3.46099579e+00, -2.40716819e+00, -1.61163678e+00,
    -5.16084106e-02, -3.91487830e+00, -2.05140073e+00, -1.28237909e+00,
    -1.19528909e+00, -5.26269931e-01, -1.20447035e+00,  1.93218523e-01,
     3.08078980e+00,  1.80337827e+00,  1.57832252e+00,  9.34944592e-01,
     7.28679787e-01,  2.02044301e+00,  4.83385362e+00,  4.28691024e+00,
     6.39388537e+00,  3.85840269e+00,  2.80378245e+00,  5.52823636e+00,
     3.65488463e+00,  1.16215512e+00, -2.67688803e-01, -7.58287776e-01,
    -7.02438545e-01, -6.81065563e-01, 4.78604164e+00,  2.50092926e+00,
     4.90315224e+00,  2.88597671e+00,  5.79131041e+00,  4.51960872e+00,
     2.96660337e+00,  2.05281631e+00,  2.94518154e+00,  3.80861207e+00,
     3.57769218e+00,  4.72358097e+00,  5.27504634e+00,  2.72113257e+00,
     5.62923032e+00,  4.89088010e+00,  4.85389967e+00,  2.52088724e+00,
     1.68862456e+00,  1.45954408e+00,  1.67063240e+00,  3.21727514e+00,
    -2.66006003e+00,  1.96019559e+00, -9.23003292e-01,  2.02073660e-03,
    -1.10989865e+00, -3.57514428e+00, -1.29680815e+00,  1.62500296e-01,
    -1.53874849e-01, -5.00880738e-02,  7.12391454e-01,  2.04897962e+00,
     2.58430799e+00, -8.10793344e-02,  8.01232671e-01,  1.26356208e+00,
     2.42295161e+00,  4.78682256e+00,  1.64580644e+00,  7.49921116e-01,
     4.67797903e+00,  3.96665687e+00,  6.75268362e-01,  3.93938545e+00,
     4.02636161e+00,  4.44271098e+00,  5.19042137e+00,  2.58723543e+00,
     7.18735268e+00,  6.71400675e+00,  7.33104925e+00,  8.07291814e+00,
     1.01641232e+01,  7.12567322e+00,  5.56664294e+00,  8.06508369e+00,
     8.06292109e+00,  4.96482253e+00,  7.52618800e+00,  8.00781373e+00,
     3.75931312e+00,  9.41197214e-01,  7.20632190e+00,  7.21676797e+00,
     6.53389120e+00,  5.23761666e+00,  3.48087341e+00,  2.21970007e+00,
     4.29720023e+00,  4.70966628e+00,  4.09379447e+00,  6.49047977e+00,
     6.27283245e+00,  4.31824266e+00,  7.48014444e+00,  9.19625336e+00,
     9.37229733e+00,  1.08146351e+01,  1.11088290e+01,  1.02598495e+01,
     1.13194604e+01,  1.19072907e+01,  1.02393721e+01,  1.02645342e+01,
     1.01497331e+01,  1.41101105e+01,  8.85600537e+00,  7.99558228e+00,
     1.08893333e+01,  1.03842444e+01,  9.92441316e+00,  1.06790997e+01,
     1.12610941e+01,  1.02065620e+01,  8.74433367e+00,  7.94298791e+00,
     7.08367963e+00,  6.09791682e+00,  6.30358218e+00,  8.68326355e+00,
     1.12112083e+01,  1.15750269e+01,  1.38522936e+01,  9.37299819e+00,
     5.78993972e+00,  4.49590123e+00,  6.51469197e+00,  7.36551889e+00,
     7.32101484e+00,  7.67118026e+00,  6.33513478e+00,  6.60466730e+00,
     7.38936309e+00,  7.38584474e+00,  6.47593338e+00,  5.28929490e+00,
     5.40888051e+00,  7.68078795e+00,  9.59892683e+00,  5.20831396e+00,
     5.16531652e+00,  5.24548731e+00,  5.56486992e+00,  6.77264209e+00,
     1.61973862e+00,  5.37412033e+00,  3.03930250e+00,  4.47814021e+00,
     3.44894920e+00,  2.34977267e+00,  1.00274187e+00,  4.78782641e+00,
     5.00688524e+00,  5.42917704e+00,  8.74264437e+00,  1.08546136e+01,
     1.26508115e+01,  1.38369640e+01,  1.22559499e+01,  1.35193366e+01,
     1.45558898e+01,  1.98940529e+01,  1.56230795e+01,  1.44094233e+01,
     1.72861607e+01,  1.33902066e+01,  1.58302603e+01,  1.70575462e+01,
     1.46093763e+01,  1.56669888e+01,  1.61703988e+01,  1.75911871e+01,
     1.77323057e+01,  1.69723792e+01,  1.89714998e+01,  2.14827767e+01,
     1.71719057e+01,  2.01649086e+01,  2.02643282e+01,  2.23352866e+01,
     2.45251186e+01,  2.75240294e+01,  2.67906918e+01,  2.34239784e+01,
     2.47779506e+01,  2.41075077e+01,  2.38932096e+01,  2.37542881e+01,
     2.41000283e+01,  2.73505371e+01,  2.64419694e+01,  2.52751711e+01,
     2.80470395e+01,  2.57457760e+01,  2.59011799e+01,  2.48515667e+01,
     2.17817917e+01,  2.50912782e+01,  2.57779044e+01,  2.83524943e+01,
     2.57348726e+01,  2.64355250e+01,  2.59956499e+01,  2.67754598e+01,
     2.15529923e+01,  2.09129092e+01,  2.19243167e+01,  2.19974779e+01,
     2.19960943e+01,  2.21024865e+01,  2.52887950e+01,  2.40804220e+01,
     2.27381049e+01,  2.00207687e+01,  2.19041866e+01,  2.49407407e+01,
     2.27611733e+01,  2.64211439e+01,  2.79037728e+01,  2.62650187e+01,
     2.95082709e+01,  2.63434330e+01,  2.69195724e+01,  2.72645202e+01,
     2.42261173e+01,  2.61695505e+01,  2.38557180e+01,  2.48194219e+01,
     2.40467891e+01,  2.76022611e+01,  2.42635759e+01,  2.30312713e+01,
     1.95100536e+01,  2.10866278e+01,  2.27955861e+01,  2.51106600e+01,
     2.54197451e+01,  2.32745902e+01,  3.19060151e+01,  3.00306215e+01,
     3.11005590e+01,  3.29650208e+01,  3.57058316e+01,  3.67591464e+01,
     3.59652717e+01,  3.86935166e+01,  3.57911075e+01,  3.79579306e+01,
     3.84987982e+01,  3.56516264e+01,  3.08808791e+01,  3.14919873e+01,
     3.37580507e+01,  3.67153048e+01, 3.71685145e+01,  3.87817383e+01,
     3.96963411e+01,  3.83564527e+01,  3.93413077e+01,  3.75321922e+01,
     4.15746594e+01,  4.36385157e+01,  3.98425106e+01,  4.15453595e+01,
     3.94474951e+01,  3.80429200e+01,  3.58932846e+01,  3.55484494e+01,
     3.57650208e+01,  3.55469244e+01,  3.13031299e+01,  3.35075406e+01,
     3.30004314e+01,  3.33909262e+01,  3.38864614e+01,  3.51344117e+01,
     3.47694398e+01,  3.61716779e+01,  3.64870273e+01,  3.60862257e+01,
     3.77519484e+01,  3.93528421e+01,  3.94286091e+01,  4.03535430e+01,
     3.91922900e+01,  3.71025976e+01,  3.22791905e+01,  3.18571947e+01,
     3.00682943e+01,  3.15075832e+01,  3.11689635e+01,  3.36183250e+01,
     3.36876822e+01,  3.54169048e+01,  3.52179400e+01,  3.62088136e+01,
     3.30185438e+01,  4.01510887e+01,  3.64507373e+01,  3.77575895e+01,
     3.63044233e+01,  3.64477644e+01,  3.68859079e+01,  3.79617659e+01,
     3.77345991e+01,  3.73876702e+01,  4.00806336e+01,  4.19850377e+01,
     4.11555981e+01,  4.42295454e+01,  4.16191062e+01,  3.84851625e+01,
     3.89853669e+01,  4.07976633e+01,  4.27051670e+01,  4.00062468e+01,
     4.30978454e+01,  4.23601404e+01,  4.41922518e+01,  4.39965820e+01,
     4.67794112e+01,  5.02978572e+01,  4.56351465e+01,  4.48239990e+01,
     4.05876623e+01,  4.14133895e+01,  4.14028065e+01,  4.18386992e+01,
     4.13414260e+01,  4.11379412e+01,  4.11907486e+01,  4.09471608e+01,
     3.95399716e+01,  3.69100236e+01,  3.66860475e+01,  3.79205085e+01,
     3.34496798e+01,  3.78740709e+01,  3.47468014e+01,  3.24855140e+01,
     3.40201234e+01,  3.61644552e+01,  3.63968850e+01,  3.42714727e+01,
     3.41741941e+01,  3.11705640e+01, 2.83597819e+01,  3.07470347e+01,
     2.56121553e+01,  2.59008892e+01,  2.57916997e+01,  2.88839503e+01,
     2.96389389e+01,  2.76744072e+01,  2.61646143e+01,  2.57337329e+01,
     2.47063686e+01,  2.58303525e+01,  2.47858266e+01,  2.87182967e+01,
     3.04326208e+01,  2.94320397e+01,  3.07871136e+01,  2.99429604e+01,
     2.81048675e+01,  2.87370975e+01,  2.96210477e+01,  2.75839731e+01,
     2.91019014e+01,  2.92451746e+01,  2.84477817e+01,  2.91807574e+01,
     2.92471887e+01,  3.04269667e+01,  3.15569941e+01,  3.38214070e+01,
     3.40074353e+01,  3.16579505e+01,  3.38981861e+01,  3.28793324e+01,
     3.52557179e+01,  3.39301843e+01,  3.63010869e+01,  4.05274543e+01,
     4.07032346e+01,  3.85513408e+01,  4.02953088e+01,  3.70458613e+01,
     3.72419718e+01,  3.70039193e+01,  3.77764164e+01,  3.56303451e+01,
     3.62959585e+01,  3.78946072e+01,  3.62709061e+01,  3.76634104e+01,
