parameters,naive_left,naive_right,mcci_radius_left,mcci_radius_right,fused_left,fused_right
param_1,-0.49951210455187867,0.6543091223477988,0.31043923639455406,0.21369289001925468,-0.8099513409464327,0.8680020123670535
param_2,-0.36520620018107974,0.6124091264179454,0.2795691705474161,0.36842603038934113,-0.6447753707284958,0.9808351568072866
log_density,-2.6817820938526085,-0.056324313247417254,0.03219877301764124,0.1697164048162253,-2.7139808668702496,0.11339209156880804
